id_fecha,fecha,anio,mes,trimestre,nombre_mes,anio_parcial
20260612,2026-06-12,2026,6,2,Jun,1
20260319,2026-03-19,2026,3,1,Mar,1
20260316,2026-03-16,2026,3,1,Mar,1
20260313,2026-03-13,2026,3,1,Mar,1
20260312,2026-03-12,2026,3,1,Mar,1
20260311,2026-03-11,2026,3,1,Mar,1
20260310,2026-03-10,2026,3,1,Mar,1
20260306,2026-03-06,2026,3,1,Mar,1
20260304,2026-03-04,2026,3,1,Mar,1
20260303,2026-03-03,2026,3,1,Mar,1
20260302,2026-03-02,2026,3,1,Mar,1
20260228,2026-02-28,2026,2,1,Feb,1
20260227,2026-02-27,2026,2,1,Feb,1
20260226,2026-02-26,2026,2,1,Feb,1
20260225,2026-02-25,2026,2,1,Feb,1
20260224,2026-02-24,2026,2,1,Feb,1
20260223,2026-02-23,2026,2,1,Feb,1
20260220,2026-02-20,2026,2,1,Feb,1
20260219,2026-02-19,2026,2,1,Feb,1
20260218,2026-02-18,2026,2,1,Feb,1
20260217,2026-02-17,2026,2,1,Feb,1
20260213,2026-02-13,2026,2,1,Feb,1
20260212,2026-02-12,2026,2,1,Feb,1
20260211,2026-02-11,2026,2,1,Feb,1
20260206,2026-02-06,2026,2,1,Feb,1
20260205,2026-02-05,2026,2,1,Feb,1
20260204,2026-02-04,2026,2,1,Feb,1
20260203,2026-02-03,2026,2,1,Feb,1
20260128,2026-01-28,2026,1,1,Ene,1
20260127,2026-01-27,2026,1,1,Ene,1
20260126,2026-01-26,2026,1,1,Ene,1
20260123,2026-01-23,2026,1,1,Ene,1
20260122,2026-01-22,2026,1,1,Ene,1
20260114,2026-01-14,2026,1,1,Ene,1
20260113,2026-01-13,2026,1,1,Ene,1
20260109,2026-01-09,2026,1,1,Ene,1
20260108,2026-01-08,2026,1,1,Ene,1
20260107,2026-01-07,2026,1,1,Ene,1
20260106,2026-01-06,2026,1,1,Ene,1
20260105,2026-01-05,2026,1,1,Ene,1
20251231,2025-12-31,2025,12,4,Dic,0
20251230,2025-12-30,2025,12,4,Dic,0
20251229,2025-12-29,2025,12,4,Dic,0
20251226,2025-12-26,2025,12,4,Dic,0
20251218,2025-12-18,2025,12,4,Dic,0
20251217,2025-12-17,2025,12,4,Dic,0
20251216,2025-12-16,2025,12,4,Dic,0
20251215,2025-12-15,2025,12,4,Dic,0
20251212,2025-12-12,2025,12,4,Dic,0
20251211,2025-12-11,2025,12,4,Dic,0
20251210,2025-12-10,2025,12,4,Dic,0
20251205,2025-12-05,2025,12,4,Dic,0
20251203,2025-12-03,2025,12,4,Dic,0
20251202,2025-12-02,2025,12,4,Dic,0
20251201,2025-12-01,2025,12,4,Dic,0
20251128,2025-11-28,2025,11,4,Nov,0
20251127,2025-11-27,2025,11,4,Nov,0
20251126,2025-11-26,2025,11,4,Nov,0
20251125,2025-11-25,2025,11,4,Nov,0
20251121,2025-11-21,2025,11,4,Nov,0
20251119,2025-11-19,2025,11,4,Nov,0
20251114,2025-11-14,2025,11,4,Nov,0
20251113,2025-11-13,2025,11,4,Nov,0
20251112,2025-11-12,2025,11,4,Nov,0
20251111,2025-11-11,2025,11,4,Nov,0
20251110,2025-11-10,2025,11,4,Nov,0
20251107,2025-11-07,2025,11,4,Nov,0
20251105,2025-11-05,2025,11,4,Nov,0
20251104,2025-11-04,2025,11,4,Nov,0
20251031,2025-10-31,2025,10,4,Oct,0
20251028,2025-10-28,2025,10,4,Oct,0
20251027,2025-10-27,2025,10,4,Oct,0
20251023,2025-10-23,2025,10,4,Oct,0
20251022,2025-10-22,2025,10,4,Oct,0
20251020,2025-10-20,2025,10,4,Oct,0
20251017,2025-10-17,2025,10,4,Oct,0
20251016,2025-10-16,2025,10,4,Oct,0
20251015,2025-10-15,2025,10,4,Oct,0
20251010,2025-10-10,2025,10,4,Oct,0
20251008,2025-10-08,2025,10,4,Oct,0
20251007,2025-10-07,2025,10,4,Oct,0
20251001,2025-10-01,2025,10,4,Oct,0
20250930,2025-09-30,2025,9,3,Sep,0
20250929,2025-09-29,2025,9,3,Sep,0
20250926,2025-09-26,2025,9,3,Sep,0
20250925,2025-09-25,2025,9,3,Sep,0
20250924,2025-09-24,2025,9,3,Sep,0
20250923,2025-09-23,2025,9,3,Sep,0
20250919,2025-09-19,2025,9,3,Sep,0
20250917,2025-09-17,2025,9,3,Sep,0
20250915,2025-09-15,2025,9,3,Sep,0
20250912,2025-09-12,2025,9,3,Sep,0
20250911,2025-09-11,2025,9,3,Sep,0
20250910,2025-09-10,2025,9,3,Sep,0
20250909,2025-09-09,2025,9,3,Sep,0
20250904,2025-09-04,2025,9,3,Sep,0
20250902,2025-09-02,2025,9,3,Sep,0
20250901,2025-09-01,2025,9,3,Sep,0
20250829,2025-08-29,2025,8,3,Ago,0
20250828,2025-08-28,2025,8,3,Ago,0
20250827,2025-08-27,2025,8,3,Ago,0
20250826,2025-08-26,2025,8,3,Ago,0
20250825,2025-08-25,2025,8,3,Ago,0
20250821,2025-08-21,2025,8,3,Ago,0
20250819,2025-08-19,2025,8,3,Ago,0
20250814,2025-08-14,2025,8,3,Ago,0
20250811,2025-08-11,2025,8,3,Ago,0
20250806,2025-08-06,2025,8,3,Ago,0
20250805,2025-08-05,2025,8,3,Ago,0
20250804,2025-08-04,2025,8,3,Ago,0
20250731,2025-07-31,2025,7,3,Jul,0
20250730,2025-07-30,2025,7,3,Jul,0
20250725,2025-07-25,2025,7,3,Jul,0
20250724,2025-07-24,2025,7,3,Jul,0
20250722,2025-07-22,2025,7,3,Jul,0
20250717,2025-07-17,2025,7,3,Jul,0
20250716,2025-07-16,2025,7,3,Jul,0
20250715,2025-07-15,2025,7,3,Jul,0
20250711,2025-07-11,2025,7,3,Jul,0
20250710,2025-07-10,2025,7,3,Jul,0
20250709,2025-07-09,2025,7,3,Jul,0
20250707,2025-07-07,2025,7,3,Jul,0
20250704,2025-07-04,2025,7,3,Jul,0
20250701,2025-07-01,2025,7,3,Jul,0
20250627,2025-06-27,2025,6,2,Jun,0
20250619,2025-06-19,2025,6,2,Jun,0
20250618,2025-06-18,2025,6,2,Jun,0
20250617,2025-06-17,2025,6,2,Jun,0
20250616,2025-06-16,2025,6,2,Jun,0
20250612,2025-06-12,2025,6,2,Jun,0
20250610,2025-06-10,2025,6,2,Jun,0
20250609,2025-06-09,2025,6,2,Jun,0
20250606,2025-06-06,2025,6,2,Jun,0
20250604,2025-06-04,2025,6,2,Jun,0
20250603,2025-06-03,2025,6,2,Jun,0
20250530,2025-05-30,2025,5,2,May,0
20250528,2025-05-28,2025,5,2,May,0
20250527,2025-05-27,2025,5,2,May,0
20250526,2025-05-26,2025,5,2,May,0
20250523,2025-05-23,2025,5,2,May,0
20250522,2025-05-22,2025,5,2,May,0
20250521,2025-05-21,2025,5,2,May,0
20250520,2025-05-20,2025,5,2,May,0
20250519,2025-05-19,2025,5,2,May,0
20250516,2025-05-16,2025,5,2,May,0
20250515,2025-05-15,2025,5,2,May,0
20250514,2025-05-14,2025,5,2,May,0
20250513,2025-05-13,2025,5,2,May,0
20250512,2025-05-12,2025,5,2,May,0
20250509,2025-05-09,2025,5,2,May,0
20250508,2025-05-08,2025,5,2,May,0
20250506,2025-05-06,2025,5,2,May,0
20250505,2025-05-05,2025,5,2,May,0
20250502,2025-05-02,2025,5,2,May,0
20250430,2025-04-30,2025,4,2,Abr,0
20250429,2025-04-29,2025,4,2,Abr,0
20250428,2025-04-28,2025,4,2,Abr,0
20250423,2025-04-23,2025,4,2,Abr,0
20250422,2025-04-22,2025,4,2,Abr,0
20250416,2025-04-16,2025,4,2,Abr,0
20250415,2025-04-15,2025,4,2,Abr,0
20250414,2025-04-14,2025,4,2,Abr,0
20250411,2025-04-11,2025,4,2,Abr,0
20250410,2025-04-10,2025,4,2,Abr,0
20250407,2025-04-07,2025,4,2,Abr,0
20250402,2025-04-02,2025,4,2,Abr,0
20250401,2025-04-01,2025,4,2,Abr,0
20250331,2025-03-31,2025,3,1,Mar,0
20250327,2025-03-27,2025,3,1,Mar,0
20250326,2025-03-26,2025,3,1,Mar,0
20250321,2025-03-21,2025,3,1,Mar,0
20250319,2025-03-19,2025,3,1,Mar,0
20250317,2025-03-17,2025,3,1,Mar,0
20250312,2025-03-12,2025,3,1,Mar,0
20250311,2025-03-11,2025,3,1,Mar,0
20250310,2025-03-10,2025,3,1,Mar,0
20250307,2025-03-07,2025,3,1,Mar,0
20250306,2025-03-06,2025,3,1,Mar,0
20250304,2025-03-04,2025,3,1,Mar,0
20250303,2025-03-03,2025,3,1,Mar,0
20250228,2025-02-28,2025,2,1,Feb,0
20250227,2025-02-27,2025,2,1,Feb,0
20250226,2025-02-26,2025,2,1,Feb,0
20250225,2025-02-25,2025,2,1,Feb,0
20250221,2025-02-21,2025,2,1,Feb,0
20250220,2025-02-20,2025,2,1,Feb,0
20250219,2025-02-19,2025,2,1,Feb,0
20250218,2025-02-18,2025,2,1,Feb,0
20250217,2025-02-17,2025,2,1,Feb,0
20250213,2025-02-13,2025,2,1,Feb,0
20250212,2025-02-12,2025,2,1,Feb,0
20250211,2025-02-11,2025,2,1,Feb,0
20250210,2025-02-10,2025,2,1,Feb,0
20250207,2025-02-07,2025,2,1,Feb,0
20250206,2025-02-06,2025,2,1,Feb,0
20250205,2025-02-05,2025,2,1,Feb,0
20250204,2025-02-04,2025,2,1,Feb,0
20250131,2025-01-31,2025,1,1,Ene,0
20250130,2025-01-30,2025,1,1,Ene,0
20250129,2025-01-29,2025,1,1,Ene,0
20250127,2025-01-27,2025,1,1,Ene,0
20250124,2025-01-24,2025,1,1,Ene,0
20250121,2025-01-21,2025,1,1,Ene,0
20250120,2025-01-20,2025,1,1,Ene,0
20250117,2025-01-17,2025,1,1,Ene,0
20250116,2025-01-16,2025,1,1,Ene,0
20250114,2025-01-14,2025,1,1,Ene,0
20250113,2025-01-13,2025,1,1,Ene,0
20250110,2025-01-10,2025,1,1,Ene,0
20250109,2025-01-09,2025,1,1,Ene,0
20250108,2025-01-08,2025,1,1,Ene,0
20250103,2025-01-03,2025,1,1,Ene,0
20241230,2024-12-30,2024,12,4,Dic,0
20241227,2024-12-27,2024,12,4,Dic,0
20241226,2024-12-26,2024,12,4,Dic,0
20241224,2024-12-24,2024,12,4,Dic,0
20241223,2024-12-23,2024,12,4,Dic,0
20241220,2024-12-20,2024,12,4,Dic,0
20241219,2024-12-19,2024,12,4,Dic,0
20241218,2024-12-18,2024,12,4,Dic,0
20241216,2024-12-16,2024,12,4,Dic,0
20241213,2024-12-13,2024,12,4,Dic,0
20241212,2024-12-12,2024,12,4,Dic,0
20241211,2024-12-11,2024,12,4,Dic,0
20241205,2024-12-05,2024,12,4,Dic,0
20241204,2024-12-04,2024,12,4,Dic,0
20241202,2024-12-02,2024,12,4,Dic,0
20241129,2024-11-29,2024,11,4,Nov,0
20241128,2024-11-28,2024,11,4,Nov,0
20241127,2024-11-27,2024,11,4,Nov,0
20241126,2024-11-26,2024,11,4,Nov,0
20241125,2024-11-25,2024,11,4,Nov,0
20241122,2024-11-22,2024,11,4,Nov,0
20241121,2024-11-21,2024,11,4,Nov,0
20241120,2024-11-20,2024,11,4,Nov,0
20241119,2024-11-19,2024,11,4,Nov,0
20241118,2024-11-18,2024,11,4,Nov,0
20241114,2024-11-14,2024,11,4,Nov,0
20241112,2024-11-12,2024,11,4,Nov,0
20241108,2024-11-08,2024,11,4,Nov,0
20241107,2024-11-07,2024,11,4,Nov,0
20241106,2024-11-06,2024,11,4,Nov,0
20241105,2024-11-05,2024,11,4,Nov,0
20241030,2024-10-30,2024,10,4,Oct,0
20241029,2024-10-29,2024,10,4,Oct,0
20241025,2024-10-25,2024,10,4,Oct,0
20241024,2024-10-24,2024,10,4,Oct,0
20241023,2024-10-23,2024,10,4,Oct,0
20241021,2024-10-21,2024,10,4,Oct,0
20241018,2024-10-18,2024,10,4,Oct,0
20241017,2024-10-17,2024,10,4,Oct,0
20241016,2024-10-16,2024,10,4,Oct,0
20241015,2024-10-15,2024,10,4,Oct,0
20241011,2024-10-11,2024,10,4,Oct,0
20241010,2024-10-10,2024,10,4,Oct,0
20241007,2024-10-07,2024,10,4,Oct,0
20241004,2024-10-04,2024,10,4,Oct,0
20241003,2024-10-03,2024,10,4,Oct,0
20241001,2024-10-01,2024,10,4,Oct,0
20240926,2024-09-26,2024,9,3,Sep,0
20240924,2024-09-24,2024,9,3,Sep,0
20240920,2024-09-20,2024,9,3,Sep,0
20240919,2024-09-19,2024,9,3,Sep,0
20240918,2024-09-18,2024,9,3,Sep,0
20240917,2024-09-17,2024,9,3,Sep,0
20240916,2024-09-16,2024,9,3,Sep,0
20240912,2024-09-12,2024,9,3,Sep,0
20240911,2024-09-11,2024,9,3,Sep,0
20240910,2024-09-10,2024,9,3,Sep,0
20240909,2024-09-09,2024,9,3,Sep,0
20240906,2024-09-06,2024,9,3,Sep,0
20240905,2024-09-05,2024,9,3,Sep,0
20240904,2024-09-04,2024,9,3,Sep,0
20240903,2024-09-03,2024,9,3,Sep,0
20240902,2024-09-02,2024,9,3,Sep,0
20240830,2024-08-30,2024,8,3,Ago,0
20240829,2024-08-29,2024,8,3,Ago,0
20240828,2024-08-28,2024,8,3,Ago,0
20240827,2024-08-27,2024,8,3,Ago,0
20240826,2024-08-26,2024,8,3,Ago,0
20240823,2024-08-23,2024,8,3,Ago,0
20240822,2024-08-22,2024,8,3,Ago,0
20240821,2024-08-21,2024,8,3,Ago,0
20240816,2024-08-16,2024,8,3,Ago,0
20240815,2024-08-15,2024,8,3,Ago,0
20240813,2024-08-13,2024,8,3,Ago,0
20240812,2024-08-12,2024,8,3,Ago,0
20240809,2024-08-09,2024,8,3,Ago,0
20240808,2024-08-08,2024,8,3,Ago,0
20240805,2024-08-05,2024,8,3,Ago,0
20240802,2024-08-02,2024,8,3,Ago,0
20240801,2024-08-01,2024,8,3,Ago,0
20240731,2024-07-31,2024,7,3,Jul,0
20240730,2024-07-30,2024,7,3,Jul,0
20240729,2024-07-29,2024,7,3,Jul,0
20240726,2024-07-26,2024,7,3,Jul,0
20240725,2024-07-25,2024,7,3,Jul,0
20240724,2024-07-24,2024,7,3,Jul,0
20240723,2024-07-23,2024,7,3,Jul,0
20240722,2024-07-22,2024,7,3,Jul,0
20240719,2024-07-19,2024,7,3,Jul,0
20240716,2024-07-16,2024,7,3,Jul,0
20240712,2024-07-12,2024,7,3,Jul,0
20240711,2024-07-11,2024,7,3,Jul,0
20240710,2024-07-10,2024,7,3,Jul,0
20240709,2024-07-09,2024,7,3,Jul,0
20240708,2024-07-08,2024,7,3,Jul,0
20240705,2024-07-05,2024,7,3,Jul,0
20240704,2024-07-04,2024,7,3,Jul,0
20240703,2024-07-03,2024,7,3,Jul,0
20240702,2024-07-02,2024,7,3,Jul,0
20240626,2024-06-26,2024,6,2,Jun,0
20240625,2024-06-25,2024,6,2,Jun,0
20240624,2024-06-24,2024,6,2,Jun,0
20240620,2024-06-20,2024,6,2,Jun,0
20240618,2024-06-18,2024,6,2,Jun,0
20240614,2024-06-14,2024,6,2,Jun,0
20240612,2024-06-12,2024,6,2,Jun,0
20240611,2024-06-11,2024,6,2,Jun,0
20240607,2024-06-07,2024,6,2,Jun,0
20240605,2024-06-05,2024,6,2,Jun,0
20240604,2024-06-04,2024,6,2,Jun,0
20240531,2024-05-31,2024,5,2,May,0
20240530,2024-05-30,2024,5,2,May,0
20240529,2024-05-29,2024,5,2,May,0
20240527,2024-05-27,2024,5,2,May,0
20240524,2024-05-24,2024,5,2,May,0
20240523,2024-05-23,2024,5,2,May,0
20240522,2024-05-22,2024,5,2,May,0
20240521,2024-05-21,2024,5,2,May,0
20240520,2024-05-20,2024,5,2,May,0
20240517,2024-05-17,2024,5,2,May,0
20240516,2024-05-16,2024,5,2,May,0
20240515,2024-05-15,2024,5,2,May,0
20240510,2024-05-10,2024,5,2,May,0
20240509,2024-05-09,2024,5,2,May,0
20240508,2024-05-08,2024,5,2,May,0
20240507,2024-05-07,2024,5,2,May,0
20240506,2024-05-06,2024,5,2,May,0
20240503,2024-05-03,2024,5,2,May,0
20240502,2024-05-02,2024,5,2,May,0
20240430,2024-04-30,2024,4,2,Abr,0
20240429,2024-04-29,2024,4,2,Abr,0
20240426,2024-04-26,2024,4,2,Abr,0
20240425,2024-04-25,2024,4,2,Abr,0
20240423,2024-04-23,2024,4,2,Abr,0
20240422,2024-04-22,2024,4,2,Abr,0
20240418,2024-04-18,2024,4,2,Abr,0
20240416,2024-04-16,2024,4,2,Abr,0
20240412,2024-04-12,2024,4,2,Abr,0
20240411,2024-04-11,2024,4,2,Abr,0
20240410,2024-04-10,2024,4,2,Abr,0
20240409,2024-04-09,2024,4,2,Abr,0
20240405,2024-04-05,2024,4,2,Abr,0
20240404,2024-04-04,2024,4,2,Abr,0
20240403,2024-04-03,2024,4,2,Abr,0
20240402,2024-04-02,2024,4,2,Abr,0
20240401,2024-04-01,2024,4,2,Abr,0
20240322,2024-03-22,2024,3,1,Mar,0
20240321,2024-03-21,2024,3,1,Mar,0
20240320,2024-03-20,2024,3,1,Mar,0
20240319,2024-03-19,2024,3,1,Mar,0
20240318,2024-03-18,2024,3,1,Mar,0
20240314,2024-03-14,2024,3,1,Mar,0
20240313,2024-03-13,2024,3,1,Mar,0
20240312,2024-03-12,2024,3,1,Mar,0
20240311,2024-03-11,2024,3,1,Mar,0
20240308,2024-03-08,2024,3,1,Mar,0
20240307,2024-03-07,2024,3,1,Mar,0
20240306,2024-03-06,2024,3,1,Mar,0
20240304,2024-03-04,2024,3,1,Mar,0
20240301,2024-03-01,2024,3,1,Mar,0
20240229,2024-02-29,2024,2,1,Feb,0
20240227,2024-02-27,2024,2,1,Feb,0
20240226,2024-02-26,2024,2,1,Feb,0
20240222,2024-02-22,2024,2,1,Feb,0
20240221,2024-02-21,2024,2,1,Feb,0
20240220,2024-02-20,2024,2,1,Feb,0
20240216,2024-02-16,2024,2,1,Feb,0
20240215,2024-02-15,2024,2,1,Feb,0
20240213,2024-02-13,2024,2,1,Feb,0
20240212,2024-02-12,2024,2,1,Feb,0
20240209,2024-02-09,2024,2,1,Feb,0
20240208,2024-02-08,2024,2,1,Feb,0
20240207,2024-02-07,2024,2,1,Feb,0
20240206,2024-02-06,2024,2,1,Feb,0
20240205,2024-02-05,2024,2,1,Feb,0
20240201,2024-02-01,2024,2,1,Feb,0
20240131,2024-01-31,2024,1,1,Ene,0
20240130,2024-01-30,2024,1,1,Ene,0
20240129,2024-01-29,2024,1,1,Ene,0
20240126,2024-01-26,2024,1,1,Ene,0
20240124,2024-01-24,2024,1,1,Ene,0
20240123,2024-01-23,2024,1,1,Ene,0
20240119,2024-01-19,2024,1,1,Ene,0
20240118,2024-01-18,2024,1,1,Ene,0
20240112,2024-01-12,2024,1,1,Ene,0
20240111,2024-01-11,2024,1,1,Ene,0
20240110,2024-01-10,2024,1,1,Ene,0
20240109,2024-01-09,2024,1,1,Ene,0
20240104,2024-01-04,2024,1,1,Ene,0
20231228,2023-12-28,2023,12,4,Dic,0
20231227,2023-12-27,2023,12,4,Dic,0
20231222,2023-12-22,2023,12,4,Dic,0
20231221,2023-12-21,2023,12,4,Dic,0
20231220,2023-12-20,2023,12,4,Dic,0
20231219,2023-12-19,2023,12,4,Dic,0
20231214,2023-12-14,2023,12,4,Dic,0
20231213,2023-12-13,2023,12,4,Dic,0
20231211,2023-12-11,2023,12,4,Dic,0
20231207,2023-12-07,2023,12,4,Dic,0
20231205,2023-12-05,2023,12,4,Dic,0
20231204,2023-12-04,2023,12,4,Dic,0
20231129,2023-11-29,2023,11,4,Nov,0
20231128,2023-11-28,2023,11,4,Nov,0
20231124,2023-11-24,2023,11,4,Nov,0
20231122,2023-11-22,2023,11,4,Nov,0
20231121,2023-11-21,2023,11,4,Nov,0
20231120,2023-11-20,2023,11,4,Nov,0
20231117,2023-11-17,2023,11,4,Nov,0
20231116,2023-11-16,2023,11,4,Nov,0
20231115,2023-11-15,2023,11,4,Nov,0
20231114,2023-11-14,2023,11,4,Nov,0
20231109,2023-11-09,2023,11,4,Nov,0
20231108,2023-11-08,2023,11,4,Nov,0
20231107,2023-11-07,2023,11,4,Nov,0
20231103,2023-11-03,2023,11,4,Nov,0
20231102,2023-11-02,2023,11,4,Nov,0
20231101,2023-11-01,2023,11,4,Nov,0
20231031,2023-10-31,2023,10,4,Oct,0
20231030,2023-10-30,2023,10,4,Oct,0
20231027,2023-10-27,2023,10,4,Oct,0
20231026,2023-10-26,2023,10,4,Oct,0
20231025,2023-10-25,2023,10,4,Oct,0
20231024,2023-10-24,2023,10,4,Oct,0
20231019,2023-10-19,2023,10,4,Oct,0
20231018,2023-10-18,2023,10,4,Oct,0
20231017,2023-10-17,2023,10,4,Oct,0
20231012,2023-10-12,2023,10,4,Oct,0
20231011,2023-10-11,2023,10,4,Oct,0
20231010,2023-10-10,2023,10,4,Oct,0
20231009,2023-10-09,2023,10,4,Oct,0
20231005,2023-10-05,2023,10,4,Oct,0
20231004,2023-10-04,2023,10,4,Oct,0
20230929,2023-09-29,2023,9,3,Sep,0
20230928,2023-09-28,2023,9,3,Sep,0
20230927,2023-09-27,2023,9,3,Sep,0
20230926,2023-09-26,2023,9,3,Sep,0
20230925,2023-09-25,2023,9,3,Sep,0
20230921,2023-09-21,2023,9,3,Sep,0
20230920,2023-09-20,2023,9,3,Sep,0
20230919,2023-09-19,2023,9,3,Sep,0
20230915,2023-09-15,2023,9,3,Sep,0
20230914,2023-09-14,2023,9,3,Sep,0
20230911,2023-09-11,2023,9,3,Sep,0
20230908,2023-09-08,2023,9,3,Sep,0
20230906,2023-09-06,2023,9,3,Sep,0
20230905,2023-09-05,2023,9,3,Sep,0
20230904,2023-09-04,2023,9,3,Sep,0
20230901,2023-09-01,2023,9,3,Sep,0
20230831,2023-08-31,2023,8,3,Ago,0
20230828,2023-08-28,2023,8,3,Ago,0
20230825,2023-08-25,2023,8,3,Ago,0
20230824,2023-08-24,2023,8,3,Ago,0
20230823,2023-08-23,2023,8,3,Ago,0
20230818,2023-08-18,2023,8,3,Ago,0
20230817,2023-08-17,2023,8,3,Ago,0
20230816,2023-08-16,2023,8,3,Ago,0
20230815,2023-08-15,2023,8,3,Ago,0
20230809,2023-08-09,2023,8,3,Ago,0
20230804,2023-08-04,2023,8,3,Ago,0
20230803,2023-08-03,2023,8,3,Ago,0
20230801,2023-08-01,2023,8,3,Ago,0
20230731,2023-07-31,2023,7,3,Jul,0
20230728,2023-07-28,2023,7,3,Jul,0
20230727,2023-07-27,2023,7,3,Jul,0
20230726,2023-07-26,2023,7,3,Jul,0
20230724,2023-07-24,2023,7,3,Jul,0
20230721,2023-07-21,2023,7,3,Jul,0
20230719,2023-07-19,2023,7,3,Jul,0
20230718,2023-07-18,2023,7,3,Jul,0
20230714,2023-07-14,2023,7,3,Jul,0
20230713,2023-07-13,2023,7,3,Jul,0
20230712,2023-07-12,2023,7,3,Jul,0
20230711,2023-07-11,2023,7,3,Jul,0
20230710,2023-07-10,2023,7,3,Jul,0
20230706,2023-07-06,2023,7,3,Jul,0
20230630,2023-06-30,2023,6,2,Jun,0
20230629,2023-06-29,2023,6,2,Jun,0
20230623,2023-06-23,2023,6,2,Jun,0
20230622,2023-06-22,2023,6,2,Jun,0
20230621,2023-06-21,2023,6,2,Jun,0
20230615,2023-06-15,2023,6,2,Jun,0
20230614,2023-06-14,2023,6,2,Jun,0
20230613,2023-06-13,2023,6,2,Jun,0
20230607,2023-06-07,2023,6,2,Jun,0
20230606,2023-06-06,2023,6,2,Jun,0
20230601,2023-06-01,2023,6,2,Jun,0
20230531,2023-05-31,2023,5,2,May,0
20230530,2023-05-30,2023,5,2,May,0
20230529,2023-05-29,2023,5,2,May,0
20230519,2023-05-19,2023,5,2,May,0
20230518,2023-05-18,2023,5,2,May,0
20230517,2023-05-17,2023,5,2,May,0
20230516,2023-05-16,2023,5,2,May,0
20230515,2023-05-15,2023,5,2,May,0
20230512,2023-05-12,2023,5,2,May,0
20230511,2023-05-11,2023,5,2,May,0
20230509,2023-05-09,2023,5,2,May,0
20230508,2023-05-08,2023,5,2,May,0
20230504,2023-05-04,2023,5,2,May,0
20230502,2023-05-02,2023,5,2,May,0
20230428,2023-04-28,2023,4,2,Abr,0
20230427,2023-04-27,2023,4,2,Abr,0
20230426,2023-04-26,2023,4,2,Abr,0
20230425,2023-04-25,2023,4,2,Abr,0
20230424,2023-04-24,2023,4,2,Abr,0
20230421,2023-04-21,2023,4,2,Abr,0
20230420,2023-04-20,2023,4,2,Abr,0
20230418,2023-04-18,2023,4,2,Abr,0
20230417,2023-04-17,2023,4,2,Abr,0
20230414,2023-04-14,2023,4,2,Abr,0
20230411,2023-04-11,2023,4,2,Abr,0
20230410,2023-04-10,2023,4,2,Abr,0
20230405,2023-04-05,2023,4,2,Abr,0
20230331,2023-03-31,2023,3,1,Mar,0
20230330,2023-03-30,2023,3,1,Mar,0
20230329,2023-03-29,2023,3,1,Mar,0
20230328,2023-03-28,2023,3,1,Mar,0
20230327,2023-03-27,2023,3,1,Mar,0
20230324,2023-03-24,2023,3,1,Mar,0
20230323,2023-03-23,2023,3,1,Mar,0
20230317,2023-03-17,2023,3,1,Mar,0
20230316,2023-03-16,2023,3,1,Mar,0
20230315,2023-03-15,2023,3,1,Mar,0
20230314,2023-03-14,2023,3,1,Mar,0
20230310,2023-03-10,2023,3,1,Mar,0
20230309,2023-03-09,2023,3,1,Mar,0
20230308,2023-03-08,2023,3,1,Mar,0
20230307,2023-03-07,2023,3,1,Mar,0
20230306,2023-03-06,2023,3,1,Mar,0
20230303,2023-03-03,2023,3,1,Mar,0
20230301,2023-03-01,2023,3,1,Mar,0
20230228,2023-02-28,2023,2,1,Feb,0
20230227,2023-02-27,2023,2,1,Feb,0
20230224,2023-02-24,2023,2,1,Feb,0
20230223,2023-02-23,2023,2,1,Feb,0
20230222,2023-02-22,2023,2,1,Feb,0
20230221,2023-02-21,2023,2,1,Feb,0
20230217,2023-02-17,2023,2,1,Feb,0
20230216,2023-02-16,2023,2,1,Feb,0
20230213,2023-02-13,2023,2,1,Feb,0
20230210,2023-02-10,2023,2,1,Feb,0
20230209,2023-02-09,2023,2,1,Feb,0
20230208,2023-02-08,2023,2,1,Feb,0
20230207,2023-02-07,2023,2,1,Feb,0
20230206,2023-02-06,2023,2,1,Feb,0
20230203,2023-02-03,2023,2,1,Feb,0
20230201,2023-02-01,2023,2,1,Feb,0
20230130,2023-01-30,2023,1,1,Ene,0
20230127,2023-01-27,2023,1,1,Ene,0
20230125,2023-01-25,2023,1,1,Ene,0
20230124,2023-01-24,2023,1,1,Ene,0
20230123,2023-01-23,2023,1,1,Ene,0
20230120,2023-01-20,2023,1,1,Ene,0
20230119,2023-01-19,2023,1,1,Ene,0
20230118,2023-01-18,2023,1,1,Ene,0
20230117,2023-01-17,2023,1,1,Ene,0
20230116,2023-01-16,2023,1,1,Ene,0
20230113,2023-01-13,2023,1,1,Ene,0
20230112,2023-01-12,2023,1,1,Ene,0
20230106,2023-01-06,2023,1,1,Ene,0
20230104,2023-01-04,2023,1,1,Ene,0
20230103,2023-01-03,2023,1,1,Ene,0
20221230,2022-12-30,2022,12,4,Dic,0
20221229,2022-12-29,2022,12,4,Dic,0
20221228,2022-12-28,2022,12,4,Dic,0
20221221,2022-12-21,2022,12,4,Dic,0
20221220,2022-12-20,2022,12,4,Dic,0
20221219,2022-12-19,2022,12,4,Dic,0
20221216,2022-12-16,2022,12,4,Dic,0
20221215,2022-12-15,2022,12,4,Dic,0
20221214,2022-12-14,2022,12,4,Dic,0
20221213,2022-12-13,2022,12,4,Dic,0
20221212,2022-12-12,2022,12,4,Dic,0
20221209,2022-12-09,2022,12,4,Dic,0
20221207,2022-12-07,2022,12,4,Dic,0
20221206,2022-12-06,2022,12,4,Dic,0
20221202,2022-12-02,2022,12,4,Dic,0
20221201,2022-12-01,2022,12,4,Dic,0
20221130,2022-11-30,2022,11,4,Nov,0
20221129,2022-11-29,2022,11,4,Nov,0
20221125,2022-11-25,2022,11,4,Nov,0
20221124,2022-11-24,2022,11,4,Nov,0
20221123,2022-11-23,2022,11,4,Nov,0
20221122,2022-11-22,2022,11,4,Nov,0
20221121,2022-11-21,2022,11,4,Nov,0
20221118,2022-11-18,2022,11,4,Nov,0
20221117,2022-11-17,2022,11,4,Nov,0
20221116,2022-11-16,2022,11,4,Nov,0
20221115,2022-11-15,2022,11,4,Nov,0
20221111,2022-11-11,2022,11,4,Nov,0
20221110,2022-11-10,2022,11,4,Nov,0
20221104,2022-11-04,2022,11,4,Nov,0
20221103,2022-11-03,2022,11,4,Nov,0
20221102,2022-11-02,2022,11,4,Nov,0
20221101,2022-11-01,2022,11,4,Nov,0
20221028,2022-10-28,2022,10,4,Oct,0
20221027,2022-10-27,2022,10,4,Oct,0
20221026,2022-10-26,2022,10,4,Oct,0
20221025,2022-10-25,2022,10,4,Oct,0
20221021,2022-10-21,2022,10,4,Oct,0
20221020,2022-10-20,2022,10,4,Oct,0
20221018,2022-10-18,2022,10,4,Oct,0
20221014,2022-10-14,2022,10,4,Oct,0
20221012,2022-10-12,2022,10,4,Oct,0
20221011,2022-10-11,2022,10,4,Oct,0
20221007,2022-10-07,2022,10,4,Oct,0
20221006,2022-10-06,2022,10,4,Oct,0
20221005,2022-10-05,2022,10,4,Oct,0
20220928,2022-09-28,2022,9,3,Sep,0
20220926,2022-09-26,2022,9,3,Sep,0
20220923,2022-09-23,2022,9,3,Sep,0
20220922,2022-09-22,2022,9,3,Sep,0
20220921,2022-09-21,2022,9,3,Sep,0
20220916,2022-09-16,2022,9,3,Sep,0
20220915,2022-09-15,2022,9,3,Sep,0
20220913,2022-09-13,2022,9,3,Sep,0
20220912,2022-09-12,2022,9,3,Sep,0
20220909,2022-09-09,2022,9,3,Sep,0
20220908,2022-09-08,2022,9,3,Sep,0
20220907,2022-09-07,2022,9,3,Sep,0
20220906,2022-09-06,2022,9,3,Sep,0
20220901,2022-09-01,2022,9,3,Sep,0
20220830,2022-08-30,2022,8,3,Ago,0
20220829,2022-08-29,2022,8,3,Ago,0
20220826,2022-08-26,2022,8,3,Ago,0
20220825,2022-08-25,2022,8,3,Ago,0
20220824,2022-08-24,2022,8,3,Ago,0
20220823,2022-08-23,2022,8,3,Ago,0
20220822,2022-08-22,2022,8,3,Ago,0
20220818,2022-08-18,2022,8,3,Ago,0
20220817,2022-08-17,2022,8,3,Ago,0
20220812,2022-08-12,2022,8,3,Ago,0
20220811,2022-08-11,2022,8,3,Ago,0
20220810,2022-08-10,2022,8,3,Ago,0
20220809,2022-08-09,2022,8,3,Ago,0
20220808,2022-08-08,2022,8,3,Ago,0
20220805,2022-08-05,2022,8,3,Ago,0
20220803,2022-08-03,2022,8,3,Ago,0
20220802,2022-08-02,2022,8,3,Ago,0
20220729,2022-07-29,2022,7,3,Jul,0
20220728,2022-07-28,2022,7,3,Jul,0
20220726,2022-07-26,2022,7,3,Jul,0
20220725,2022-07-25,2022,7,3,Jul,0
20220721,2022-07-21,2022,7,3,Jul,0
20220719,2022-07-19,2022,7,3,Jul,0
20220714,2022-07-14,2022,7,3,Jul,0
20220713,2022-07-13,2022,7,3,Jul,0
20220708,2022-07-08,2022,7,3,Jul,0
20220707,2022-07-07,2022,7,3,Jul,0
20220706,2022-07-06,2022,7,3,Jul,0
20220705,2022-07-05,2022,7,3,Jul,0
20220701,2022-07-01,2022,7,3,Jul,0
20220629,2022-06-29,2022,6,2,Jun,0
20220628,2022-06-28,2022,6,2,Jun,0
20220623,2022-06-23,2022,6,2,Jun,0
20220622,2022-06-22,2022,6,2,Jun,0
20220617,2022-06-17,2022,6,2,Jun,0
20220616,2022-06-16,2022,6,2,Jun,0
20220615,2022-06-15,2022,6,2,Jun,0
20220614,2022-06-14,2022,6,2,Jun,0
20220613,2022-06-13,2022,6,2,Jun,0
20220610,2022-06-10,2022,6,2,Jun,0
20220609,2022-06-09,2022,6,2,Jun,0
20220608,2022-06-08,2022,6,2,Jun,0
20220606,2022-06-06,2022,6,2,Jun,0
20220603,2022-06-03,2022,6,2,Jun,0
20220602,2022-06-02,2022,6,2,Jun,0
20220601,2022-06-01,2022,6,2,Jun,0
20220527,2022-05-27,2022,5,2,May,0
20220526,2022-05-26,2022,5,2,May,0
20220525,2022-05-25,2022,5,2,May,0
20220523,2022-05-23,2022,5,2,May,0
20220520,2022-05-20,2022,5,2,May,0
20220518,2022-05-18,2022,5,2,May,0
20220517,2022-05-17,2022,5,2,May,0
20220512,2022-05-12,2022,5,2,May,0
20220506,2022-05-06,2022,5,2,May,0
20220505,2022-05-05,2022,5,2,May,0
20220503,2022-05-03,2022,5,2,May,0
20220429,2022-04-29,2022,4,2,Abr,0
20220427,2022-04-27,2022,4,2,Abr,0
20220426,2022-04-26,2022,4,2,Abr,0
20220425,2022-04-25,2022,4,2,Abr,0
20220422,2022-04-22,2022,4,2,Abr,0
20220421,2022-04-21,2022,4,2,Abr,0
20220419,2022-04-19,2022,4,2,Abr,0
20220418,2022-04-18,2022,4,2,Abr,0
20220408,2022-04-08,2022,4,2,Abr,0
20220407,2022-04-07,2022,4,2,Abr,0
20220401,2022-04-01,2022,4,2,Abr,0
20220330,2022-03-30,2022,3,1,Mar,0
20220329,2022-03-29,2022,3,1,Mar,0
20220325,2022-03-25,2022,3,1,Mar,0
20220324,2022-03-24,2022,3,1,Mar,0
20220323,2022-03-23,2022,3,1,Mar,0
20220318,2022-03-18,2022,3,1,Mar,0
20220317,2022-03-17,2022,3,1,Mar,0
20220316,2022-03-16,2022,3,1,Mar,0
20220314,2022-03-14,2022,3,1,Mar,0
20220311,2022-03-11,2022,3,1,Mar,0
20220310,2022-03-10,2022,3,1,Mar,0
20220309,2022-03-09,2022,3,1,Mar,0
20220308,2022-03-08,2022,3,1,Mar,0
20220307,2022-03-07,2022,3,1,Mar,0
20220304,2022-03-04,2022,3,1,Mar,0
20220302,2022-03-02,2022,3,1,Mar,0
20220301,2022-03-01,2022,3,1,Mar,0
20220228,2022-02-28,2022,2,1,Feb,0
20220225,2022-02-25,2022,2,1,Feb,0
20220224,2022-02-24,2022,2,1,Feb,0
20220223,2022-02-23,2022,2,1,Feb,0
20220222,2022-02-22,2022,2,1,Feb,0
20220221,2022-02-21,2022,2,1,Feb,0
20220214,2022-02-14,2022,2,1,Feb,0
20220211,2022-02-11,2022,2,1,Feb,0
20220204,2022-02-04,2022,2,1,Feb,0
20220203,2022-02-03,2022,2,1,Feb,0
20220202,2022-02-02,2022,2,1,Feb,0
20220131,2022-01-31,2022,1,1,Ene,0
20220128,2022-01-28,2022,1,1,Ene,0
20220127,2022-01-27,2022,1,1,Ene,0
20220126,2022-01-26,2022,1,1,Ene,0
20220125,2022-01-25,2022,1,1,Ene,0
20220121,2022-01-21,2022,1,1,Ene,0
20220120,2022-01-20,2022,1,1,Ene,0
20220114,2022-01-14,2022,1,1,Ene,0
20220113,2022-01-13,2022,1,1,Ene,0
20220112,2022-01-12,2022,1,1,Ene,0
20220111,2022-01-11,2022,1,1,Ene,0
20220106,2022-01-06,2022,1,1,Ene,0
20220105,2022-01-05,2022,1,1,Ene,0
20220104,2022-01-04,2022,1,1,Ene,0
20211231,2021-12-31,2021,12,4,Dic,0
20211230,2021-12-30,2021,12,4,Dic,0
20211229,2021-12-29,2021,12,4,Dic,0
20211228,2021-12-28,2021,12,4,Dic,0
20211223,2021-12-23,2021,12,4,Dic,0
20211222,2021-12-22,2021,12,4,Dic,0
20211219,2021-12-19,2021,12,4,Dic,0
20211216,2021-12-16,2021,12,4,Dic,0
20211215,2021-12-15,2021,12,4,Dic,0
20211214,2021-12-14,2021,12,4,Dic,0
20211213,2021-12-13,2021,12,4,Dic,0
20211209,2021-12-09,2021,12,4,Dic,0
20211207,2021-12-07,2021,12,4,Dic,0
20211203,2021-12-03,2021,12,4,Dic,0
20211202,2021-12-02,2021,12,4,Dic,0
20211201,2021-12-01,2021,12,4,Dic,0
20211130,2021-11-30,2021,11,4,Nov,0
20211129,2021-11-29,2021,11,4,Nov,0
20211126,2021-11-26,2021,11,4,Nov,0
20211125,2021-11-25,2021,11,4,Nov,0
20211124,2021-11-24,2021,11,4,Nov,0
20211123,2021-11-23,2021,11,4,Nov,0
20211122,2021-11-22,2021,11,4,Nov,0
20211119,2021-11-19,2021,11,4,Nov,0
20211118,2021-11-18,2021,11,4,Nov,0
20211117,2021-11-17,2021,11,4,Nov,0
20211116,2021-11-16,2021,11,4,Nov,0
20211112,2021-11-12,2021,11,4,Nov,0
20211111,2021-11-11,2021,11,4,Nov,0
20211110,2021-11-10,2021,11,4,Nov,0
20211109,2021-11-09,2021,11,4,Nov,0
20211108,2021-11-08,2021,11,4,Nov,0
20211105,2021-11-05,2021,11,4,Nov,0
20211103,2021-11-03,2021,11,4,Nov,0
20211029,2021-10-29,2021,10,4,Oct,0
20211026,2021-10-26,2021,10,4,Oct,0
20211025,2021-10-25,2021,10,4,Oct,0
20211022,2021-10-22,2021,10,4,Oct,0
20211021,2021-10-21,2021,10,4,Oct,0
20211020,2021-10-20,2021,10,4,Oct,0
20211019,2021-10-19,2021,10,4,Oct,0
20211015,2021-10-15,2021,10,4,Oct,0
20211014,2021-10-14,2021,10,4,Oct,0
20211013,2021-10-13,2021,10,4,Oct,0
20211012,2021-10-12,2021,10,4,Oct,0
20211011,2021-10-11,2021,10,4,Oct,0
20211008,2021-10-08,2021,10,4,Oct,0
20211006,2021-10-06,2021,10,4,Oct,0
20211005,2021-10-05,2021,10,4,Oct,0
20210930,2021-09-30,2021,9,3,Sep,0
20210928,2021-09-28,2021,9,3,Sep,0
20210927,2021-09-27,2021,9,3,Sep,0
20210922,2021-09-22,2021,9,3,Sep,0
20210921,2021-09-21,2021,9,3,Sep,0
20210920,2021-09-20,2021,9,3,Sep,0
20210917,2021-09-17,2021,9,3,Sep,0
20210916,2021-09-16,2021,9,3,Sep,0
20210914,2021-09-14,2021,9,3,Sep,0
20210913,2021-09-13,2021,9,3,Sep,0
20210909,2021-09-09,2021,9,3,Sep,0
20210908,2021-09-08,2021,9,3,Sep,0
20210907,2021-09-07,2021,9,3,Sep,0
20210901,2021-09-01,2021,9,3,Sep,0
20210831,2021-08-31,2021,8,3,Ago,0
20210827,2021-08-27,2021,8,3,Ago,0
20210826,2021-08-26,2021,8,3,Ago,0
20210825,2021-08-25,2021,8,3,Ago,0
20210824,2021-08-24,2021,8,3,Ago,0
20210823,2021-08-23,2021,8,3,Ago,0
20210820,2021-08-20,2021,8,3,Ago,0
20210819,2021-08-19,2021,8,3,Ago,0
20210818,2021-08-18,2021,8,3,Ago,0
20210817,2021-08-17,2021,8,3,Ago,0
20210813,2021-08-13,2021,8,3,Ago,0
20210812,2021-08-12,2021,8,3,Ago,0
20210810,2021-08-10,2021,8,3,Ago,0
20210809,2021-08-09,2021,8,3,Ago,0
20210805,2021-08-05,2021,8,3,Ago,0
20210803,2021-08-03,2021,8,3,Ago,0
20210802,2021-08-02,2021,8,3,Ago,0
20210730,2021-07-30,2021,7,3,Jul,0
20210729,2021-07-29,2021,7,3,Jul,0
20210728,2021-07-28,2021,7,3,Jul,0
20210727,2021-07-27,2021,7,3,Jul,0
20210726,2021-07-26,2021,7,3,Jul,0
20210723,2021-07-23,2021,7,3,Jul,0
20210722,2021-07-22,2021,7,3,Jul,0
20210721,2021-07-21,2021,7,3,Jul,0
20210719,2021-07-19,2021,7,3,Jul,0
20210716,2021-07-16,2021,7,3,Jul,0
20210715,2021-07-15,2021,7,3,Jul,0
20210714,2021-07-14,2021,7,3,Jul,0
20210713,2021-07-13,2021,7,3,Jul,0
20210712,2021-07-12,2021,7,3,Jul,0
20210709,2021-07-09,2021,7,3,Jul,0
20210708,2021-07-08,2021,7,3,Jul,0
20210707,2021-07-07,2021,7,3,Jul,0
20210706,2021-07-06,2021,7,3,Jul,0
20210702,2021-07-02,2021,7,3,Jul,0
20210701,2021-07-01,2021,7,3,Jul,0
20210630,2021-06-30,2021,6,2,Jun,0
20210625,2021-06-25,2021,6,2,Jun,0
20210624,2021-06-24,2021,6,2,Jun,0
20210623,2021-06-23,2021,6,2,Jun,0
20210622,2021-06-22,2021,6,2,Jun,0
20210621,2021-06-21,2021,6,2,Jun,0
20210617,2021-06-17,2021,6,2,Jun,0
20210616,2021-06-16,2021,6,2,Jun,0
20210611,2021-06-11,2021,6,2,Jun,0
20210610,2021-06-10,2021,6,2,Jun,0
20210609,2021-06-09,2021,6,2,Jun,0
20210608,2021-06-08,2021,6,2,Jun,0
20210604,2021-06-04,2021,6,2,Jun,0
20210603,2021-06-03,2021,6,2,Jun,0
20210602,2021-06-02,2021,6,2,Jun,0
20210601,2021-06-01,2021,6,2,Jun,0
20210531,2021-05-31,2021,5,2,May,0
20210526,2021-05-26,2021,5,2,May,0
20210525,2021-05-25,2021,5,2,May,0
20210524,2021-05-24,2021,5,2,May,0
20210521,2021-05-21,2021,5,2,May,0
20210520,2021-05-20,2021,5,2,May,0
20210519,2021-05-19,2021,5,2,May,0
20210518,2021-05-18,2021,5,2,May,0
20210514,2021-05-14,2021,5,2,May,0
20210513,2021-05-13,2021,5,2,May,0
20210510,2021-05-10,2021,5,2,May,0
20210507,2021-05-07,2021,5,2,May,0
20210505,2021-05-05,2021,5,2,May,0
20210430,2021-04-30,2021,4,2,Abr,0
20210429,2021-04-29,2021,4,2,Abr,0
20210428,2021-04-28,2021,4,2,Abr,0
20210423,2021-04-23,2021,4,2,Abr,0
20210420,2021-04-20,2021,4,2,Abr,0
20210416,2021-04-16,2021,4,2,Abr,0
20210415,2021-04-15,2021,4,2,Abr,0
20210414,2021-04-14,2021,4,2,Abr,0
20210412,2021-04-12,2021,4,2,Abr,0
20210409,2021-04-09,2021,4,2,Abr,0
20210408,2021-04-08,2021,4,2,Abr,0
20210407,2021-04-07,2021,4,2,Abr,0
20210405,2021-04-05,2021,4,2,Abr,0
20210330,2021-03-30,2021,3,1,Mar,0
20210325,2021-03-25,2021,3,1,Mar,0
20210323,2021-03-23,2021,3,1,Mar,0
20210319,2021-03-19,2021,3,1,Mar,0
20210318,2021-03-18,2021,3,1,Mar,0
20210317,2021-03-17,2021,3,1,Mar,0
20210316,2021-03-16,2021,3,1,Mar,0
20210315,2021-03-15,2021,3,1,Mar,0
20210311,2021-03-11,2021,3,1,Mar,0
20210309,2021-03-09,2021,3,1,Mar,0
20210308,2021-03-08,2021,3,1,Mar,0
20210305,2021-03-05,2021,3,1,Mar,0
20210304,2021-03-04,2021,3,1,Mar,0
20210302,2021-03-02,2021,3,1,Mar,0
20210301,2021-03-01,2021,3,1,Mar,0
20210226,2021-02-26,2021,2,1,Feb,0
20210225,2021-02-25,2021,2,1,Feb,0
20210223,2021-02-23,2021,2,1,Feb,0
20210222,2021-02-22,2021,2,1,Feb,0
20210219,2021-02-19,2021,2,1,Feb,0
20210218,2021-02-18,2021,2,1,Feb,0
20210217,2021-02-17,2021,2,1,Feb,0
20210216,2021-02-16,2021,2,1,Feb,0
20210215,2021-02-15,2021,2,1,Feb,0
20210212,2021-02-12,2021,2,1,Feb,0
20210211,2021-02-11,2021,2,1,Feb,0
20210209,2021-02-09,2021,2,1,Feb,0
20210208,2021-02-08,2021,2,1,Feb,0
20210205,2021-02-05,2021,2,1,Feb,0
20210204,2021-02-04,2021,2,1,Feb,0
20210203,2021-02-03,2021,2,1,Feb,0
20210202,2021-02-02,2021,2,1,Feb,0
20210201,2021-02-01,2021,2,1,Feb,0
20210129,2021-01-29,2021,1,1,Ene,0
20210128,2021-01-28,2021,1,1,Ene,0
20210126,2021-01-26,2021,1,1,Ene,0
20210125,2021-01-25,2021,1,1,Ene,0
20210122,2021-01-22,2021,1,1,Ene,0
20210121,2021-01-21,2021,1,1,Ene,0
20210120,2021-01-20,2021,1,1,Ene,0
20210119,2021-01-19,2021,1,1,Ene,0
20210107,2021-01-07,2021,1,1,Ene,0
20201230,2020-12-30,2020,12,4,Dic,0
20201229,2020-12-29,2020,12,4,Dic,0
20201228,2020-12-28,2020,12,4,Dic,0
20201224,2020-12-24,2020,12,4,Dic,0
20201223,2020-12-23,2020,12,4,Dic,0
20201222,2020-12-22,2020,12,4,Dic,0
20201221,2020-12-21,2020,12,4,Dic,0
20201216,2020-12-16,2020,12,4,Dic,0
20201215,2020-12-15,2020,12,4,Dic,0
20201210,2020-12-10,2020,12,4,Dic,0
20201209,2020-12-09,2020,12,4,Dic,0
20201204,2020-12-04,2020,12,4,Dic,0
20201202,2020-12-02,2020,12,4,Dic,0
20201201,2020-12-01,2020,12,4,Dic,0
20201130,2020-11-30,2020,11,4,Nov,0
20201127,2020-11-27,2020,11,4,Nov,0
20201126,2020-11-26,2020,11,4,Nov,0
20201125,2020-11-25,2020,11,4,Nov,0
20201124,2020-11-24,2020,11,4,Nov,0
20201123,2020-11-23,2020,11,4,Nov,0
20201120,2020-11-20,2020,11,4,Nov,0
20201118,2020-11-18,2020,11,4,Nov,0
20201113,2020-11-13,2020,11,4,Nov,0
20201112,2020-11-12,2020,11,4,Nov,0
20201111,2020-11-11,2020,11,4,Nov,0
20201110,2020-11-10,2020,11,4,Nov,0
20201109,2020-11-09,2020,11,4,Nov,0
20201106,2020-11-06,2020,11,4,Nov,0
20201105,2020-11-05,2020,11,4,Nov,0
20201104,2020-11-04,2020,11,4,Nov,0
20201103,2020-11-03,2020,11,4,Nov,0
20201029,2020-10-29,2020,10,4,Oct,0
20201027,2020-10-27,2020,10,4,Oct,0
20201026,2020-10-26,2020,10,4,Oct,0
20201023,2020-10-23,2020,10,4,Oct,0
20201021,2020-10-21,2020,10,4,Oct,0
20201020,2020-10-20,2020,10,4,Oct,0
20201019,2020-10-19,2020,10,4,Oct,0
20201015,2020-10-15,2020,10,4,Oct,0
20201014,2020-10-14,2020,10,4,Oct,0
20201009,2020-10-09,2020,10,4,Oct,0
20201008,2020-10-08,2020,10,4,Oct,0
20201007,2020-10-07,2020,10,4,Oct,0
20201006,2020-10-06,2020,10,4,Oct,0
20201005,2020-10-05,2020,10,4,Oct,0
20201002,2020-10-02,2020,10,4,Oct,0
20201001,2020-10-01,2020,10,4,Oct,0
20200929,2020-09-29,2020,9,3,Sep,0
20200928,2020-09-28,2020,9,3,Sep,0
20200925,2020-09-25,2020,9,3,Sep,0
20200923,2020-09-23,2020,9,3,Sep,0
20200922,2020-09-22,2020,9,3,Sep,0
20200921,2020-09-21,2020,9,3,Sep,0
20200916,2020-09-16,2020,9,3,Sep,0
20200914,2020-09-14,2020,9,3,Sep,0
20200911,2020-09-11,2020,9,3,Sep,0
20200910,2020-09-10,2020,9,3,Sep,0
20200909,2020-09-09,2020,9,3,Sep,0
20200908,2020-09-08,2020,9,3,Sep,0
20200903,2020-09-03,2020,9,3,Sep,0
20200902,2020-09-02,2020,9,3,Sep,0
20200901,2020-09-01,2020,9,3,Sep,0
20200831,2020-08-31,2020,8,3,Ago,0
20200828,2020-08-28,2020,8,3,Ago,0
20200827,2020-08-27,2020,8,3,Ago,0
20200826,2020-08-26,2020,8,3,Ago,0
20200825,2020-08-25,2020,8,3,Ago,0
20200824,2020-08-24,2020,8,3,Ago,0
20200820,2020-08-20,2020,8,3,Ago,0
20200818,2020-08-18,2020,8,3,Ago,0
20200814,2020-08-14,2020,8,3,Ago,0
20200810,2020-08-10,2020,8,3,Ago,0
20200806,2020-08-06,2020,8,3,Ago,0
20200805,2020-08-05,2020,8,3,Ago,0
20200804,2020-08-04,2020,8,3,Ago,0
20200803,2020-08-03,2020,8,3,Ago,0
20200729,2020-07-29,2020,7,3,Jul,0
20200728,2020-07-28,2020,7,3,Jul,0
20200727,2020-07-27,2020,7,3,Jul,0
20200724,2020-07-24,2020,7,3,Jul,0
20200722,2020-07-22,2020,7,3,Jul,0
20200721,2020-07-21,2020,7,3,Jul,0
20200717,2020-07-17,2020,7,3,Jul,0
20200716,2020-07-16,2020,7,3,Jul,0
20200715,2020-07-15,2020,7,3,Jul,0
20200710,2020-07-10,2020,7,3,Jul,0
20200709,2020-07-09,2020,7,3,Jul,0
20200702,2020-07-02,2020,7,3,Jul,0
20200701,2020-07-01,2020,7,3,Jul,0
20200625,2020-06-25,2020,6,2,Jun,0
20200624,2020-06-24,2020,6,2,Jun,0
20200623,2020-06-23,2020,6,2,Jun,0
20200619,2020-06-19,2020,6,2,Jun,0
20200618,2020-06-18,2020,6,2,Jun,0
20200616,2020-06-16,2020,6,2,Jun,0
20200612,2020-06-12,2020,6,2,Jun,0
20200610,2020-06-10,2020,6,2,Jun,0
20200609,2020-06-09,2020,6,2,Jun,0
20200608,2020-06-08,2020,6,2,Jun,0
20200605,2020-06-05,2020,6,2,Jun,0
20200604,2020-06-04,2020,6,2,Jun,0
20200603,2020-06-03,2020,6,2,Jun,0
20200602,2020-06-02,2020,6,2,Jun,0
20200601,2020-06-01,2020,6,2,Jun,0
20200528,2020-05-28,2020,5,2,May,0
20200527,2020-05-27,2020,5,2,May,0
20200526,2020-05-26,2020,5,2,May,0
20200522,2020-05-22,2020,5,2,May,0
20200520,2020-05-20,2020,5,2,May,0
20200519,2020-05-19,2020,5,2,May,0
20200518,2020-05-18,2020,5,2,May,0
20200515,2020-05-15,2020,5,2,May,0
20200514,2020-05-14,2020,5,2,May,0
20200513,2020-05-13,2020,5,2,May,0
20200512,2020-05-12,2020,5,2,May,0
20200511,2020-05-11,2020,5,2,May,0
20200508,2020-05-08,2020,5,2,May,0
20200506,2020-05-06,2020,5,2,May,0
20200504,2020-05-04,2020,5,2,May,0
20200429,2020-04-29,2020,4,2,Abr,0
20200427,2020-04-27,2020,4,2,Abr,0
20200424,2020-04-24,2020,4,2,Abr,0
20200422,2020-04-22,2020,4,2,Abr,0
20200421,2020-04-21,2020,4,2,Abr,0
20200415,2020-04-15,2020,4,2,Abr,0
20200408,2020-04-08,2020,4,2,Abr,0
20200407,2020-04-07,2020,4,2,Abr,0
20200403,2020-04-03,2020,4,2,Abr,0
20200402,2020-04-02,2020,4,2,Abr,0
20200401,2020-04-01,2020,4,2,Abr,0
20200327,2020-03-27,2020,3,1,Mar,0
20200325,2020-03-25,2020,3,1,Mar,0
20200324,2020-03-24,2020,3,1,Mar,0
20200319,2020-03-19,2020,3,1,Mar,0
20200318,2020-03-18,2020,3,1,Mar,0
20200317,2020-03-17,2020,3,1,Mar,0
20200316,2020-03-16,2020,3,1,Mar,0
20200313,2020-03-13,2020,3,1,Mar,0
20200312,2020-03-12,2020,3,1,Mar,0
20200311,2020-03-11,2020,3,1,Mar,0
20200309,2020-03-09,2020,3,1,Mar,0
20200305,2020-03-05,2020,3,1,Mar,0
20200304,2020-03-04,2020,3,1,Mar,0
20200303,2020-03-03,2020,3,1,Mar,0
20200301,2020-03-01,2020,3,1,Mar,0
20200228,2020-02-28,2020,2,1,Feb,0
20200226,2020-02-26,2020,2,1,Feb,0
20200224,2020-02-24,2020,2,1,Feb,0
20200220,2020-02-20,2020,2,1,Feb,0
20200218,2020-02-18,2020,2,1,Feb,0
20200217,2020-02-17,2020,2,1,Feb,0
20200214,2020-02-14,2020,2,1,Feb,0
20200213,2020-02-13,2020,2,1,Feb,0
20200212,2020-02-12,2020,2,1,Feb,0
20200210,2020-02-10,2020,2,1,Feb,0
20200206,2020-02-06,2020,2,1,Feb,0
20200204,2020-02-04,2020,2,1,Feb,0
20200203,2020-02-03,2020,2,1,Feb,0
20200131,2020-01-31,2020,1,1,Ene,0
20200127,2020-01-27,2020,1,1,Ene,0
20200122,2020-01-22,2020,1,1,Ene,0
20200117,2020-01-17,2020,1,1,Ene,0
20200115,2020-01-15,2020,1,1,Ene,0
20200113,2020-01-13,2020,1,1,Ene,0
20200108,2020-01-08,2020,1,1,Ene,0
20200107,2020-01-07,2020,1,1,Ene,0
20191227,2019-12-27,2019,12,4,Dic,0
20191223,2019-12-23,2019,12,4,Dic,0
20191219,2019-12-19,2019,12,4,Dic,0
20191218,2019-12-18,2019,12,4,Dic,0
20191213,2019-12-13,2019,12,4,Dic,0
20191212,2019-12-12,2019,12,4,Dic,0
20191210,2019-12-10,2019,12,4,Dic,0
20191209,2019-12-09,2019,12,4,Dic,0
20191204,2019-12-04,2019,12,4,Dic,0
20191203,2019-12-03,2019,12,4,Dic,0
20191202,2019-12-02,2019,12,4,Dic,0
20191129,2019-11-29,2019,11,4,Nov,0
20191128,2019-11-28,2019,11,4,Nov,0
20191127,2019-11-27,2019,11,4,Nov,0
20191126,2019-11-26,2019,11,4,Nov,0
20191122,2019-11-22,2019,11,4,Nov,0
20191119,2019-11-19,2019,11,4,Nov,0
20191114,2019-11-14,2019,11,4,Nov,0
20191112,2019-11-12,2019,11,4,Nov,0
20191108,2019-11-08,2019,11,4,Nov,0
20191107,2019-11-07,2019,11,4,Nov,0
20191106,2019-11-06,2019,11,4,Nov,0
20191105,2019-11-05,2019,11,4,Nov,0
20191101,2019-11-01,2019,11,4,Nov,0
20191031,2019-10-31,2019,10,4,Oct,0
20191030,2019-10-30,2019,10,4,Oct,0
20191029,2019-10-29,2019,10,4,Oct,0
20191028,2019-10-28,2019,10,4,Oct,0
20191025,2019-10-25,2019,10,4,Oct,0
20191024,2019-10-24,2019,10,4,Oct,0
20191023,2019-10-23,2019,10,4,Oct,0
20191022,2019-10-22,2019,10,4,Oct,0
20191021,2019-10-21,2019,10,4,Oct,0
20191018,2019-10-18,2019,10,4,Oct,0
20191017,2019-10-17,2019,10,4,Oct,0
20191016,2019-10-16,2019,10,4,Oct,0
20191011,2019-10-11,2019,10,4,Oct,0
20191007,2019-10-07,2019,10,4,Oct,0
20191004,2019-10-04,2019,10,4,Oct,0
20191003,2019-10-03,2019,10,4,Oct,0
20191002,2019-10-02,2019,10,4,Oct,0
20190930,2019-09-30,2019,9,3,Sep,0
20190927,2019-09-27,2019,9,3,Sep,0
20190925,2019-09-25,2019,9,3,Sep,0
20190924,2019-09-24,2019,9,3,Sep,0
20190923,2019-09-23,2019,9,3,Sep,0
20190920,2019-09-20,2019,9,3,Sep,0
20190919,2019-09-19,2019,9,3,Sep,0
20190918,2019-09-18,2019,9,3,Sep,0
20190917,2019-09-17,2019,9,3,Sep,0
20190916,2019-09-16,2019,9,3,Sep,0
20190913,2019-09-13,2019,9,3,Sep,0
20190912,2019-09-12,2019,9,3,Sep,0
20190909,2019-09-09,2019,9,3,Sep,0
20190906,2019-09-06,2019,9,3,Sep,0
20190903,2019-09-03,2019,9,3,Sep,0
20190830,2019-08-30,2019,8,3,Ago,0
20190829,2019-08-29,2019,8,3,Ago,0
20190827,2019-08-27,2019,8,3,Ago,0
20190826,2019-08-26,2019,8,3,Ago,0
20190823,2019-08-23,2019,8,3,Ago,0
20190822,2019-08-22,2019,8,3,Ago,0
20190816,2019-08-16,2019,8,3,Ago,0
20190813,2019-08-13,2019,8,3,Ago,0
20190809,2019-08-09,2019,8,3,Ago,0
20190805,2019-08-05,2019,8,3,Ago,0
20190802,2019-08-02,2019,8,3,Ago,0
20190801,2019-08-01,2019,8,3,Ago,0
20190731,2019-07-31,2019,7,3,Jul,0
20190729,2019-07-29,2019,7,3,Jul,0
20190725,2019-07-25,2019,7,3,Jul,0
20190724,2019-07-24,2019,7,3,Jul,0
20190723,2019-07-23,2019,7,3,Jul,0
20190719,2019-07-19,2019,7,3,Jul,0
20190717,2019-07-17,2019,7,3,Jul,0
20190715,2019-07-15,2019,7,3,Jul,0
20190712,2019-07-12,2019,7,3,Jul,0
20190711,2019-07-11,2019,7,3,Jul,0
20190704,2019-07-04,2019,7,3,Jul,0
20190702,2019-07-02,2019,7,3,Jul,0
20190628,2019-06-28,2019,6,2,Jun,0
20190627,2019-06-27,2019,6,2,Jun,0
20190626,2019-06-26,2019,6,2,Jun,0
20190625,2019-06-25,2019,6,2,Jun,0
20190621,2019-06-21,2019,6,2,Jun,0
20190620,2019-06-20,2019,6,2,Jun,0
20190619,2019-06-19,2019,6,2,Jun,0
20190618,2019-06-18,2019,6,2,Jun,0
20190617,2019-06-17,2019,6,2,Jun,0
20190614,2019-06-14,2019,6,2,Jun,0
20190611,2019-06-11,2019,6,2,Jun,0
20190605,2019-06-05,2019,6,2,Jun,0
20190531,2019-05-31,2019,5,2,May,0
20190530,2019-05-30,2019,5,2,May,0
20190529,2019-05-29,2019,5,2,May,0
20190527,2019-05-27,2019,5,2,May,0
20190524,2019-05-24,2019,5,2,May,0
20190522,2019-05-22,2019,5,2,May,0
20190521,2019-05-21,2019,5,2,May,0
20190520,2019-05-20,2019,5,2,May,0
20190517,2019-05-17,2019,5,2,May,0
20190516,2019-05-16,2019,5,2,May,0
20190515,2019-05-15,2019,5,2,May,0
20190514,2019-05-14,2019,5,2,May,0
20190513,2019-05-13,2019,5,2,May,0
20190510,2019-05-10,2019,5,2,May,0
20190508,2019-05-08,2019,5,2,May,0
20190507,2019-05-07,2019,5,2,May,0
20190506,2019-05-06,2019,5,2,May,0
20190503,2019-05-03,2019,5,2,May,0
20190430,2019-04-30,2019,4,2,Abr,0
20190429,2019-04-29,2019,4,2,Abr,0
20190426,2019-04-26,2019,4,2,Abr,0
20190425,2019-04-25,2019,4,2,Abr,0
20190424,2019-04-24,2019,4,2,Abr,0
20190417,2019-04-17,2019,4,2,Abr,0
20190416,2019-04-16,2019,4,2,Abr,0
20190415,2019-04-15,2019,4,2,Abr,0
20190412,2019-04-12,2019,4,2,Abr,0
20190411,2019-04-11,2019,4,2,Abr,0
20190410,2019-04-10,2019,4,2,Abr,0
20190408,2019-04-08,2019,4,2,Abr,0
20190405,2019-04-05,2019,4,2,Abr,0
20190404,2019-04-04,2019,4,2,Abr,0
20190403,2019-04-03,2019,4,2,Abr,0
20190402,2019-04-02,2019,4,2,Abr,0
20190401,2019-04-01,2019,4,2,Abr,0
20190329,2019-03-29,2019,3,1,Mar,0
20190328,2019-03-28,2019,3,1,Mar,0
20190327,2019-03-27,2019,3,1,Mar,0
20190321,2019-03-21,2019,3,1,Mar,0
20190320,2019-03-20,2019,3,1,Mar,0
20190319,2019-03-19,2019,3,1,Mar,0
20190318,2019-03-18,2019,3,1,Mar,0
20190315,2019-03-15,2019,3,1,Mar,0
20190314,2019-03-14,2019,3,1,Mar,0
20190313,2019-03-13,2019,3,1,Mar,0
20190311,2019-03-11,2019,3,1,Mar,0
20190307,2019-03-07,2019,3,1,Mar,0
20190305,2019-03-05,2019,3,1,Mar,0
20190304,2019-03-04,2019,3,1,Mar,0
20190301,2019-03-01,2019,3,1,Mar,0
20190228,2019-02-28,2019,2,1,Feb,0
20190227,2019-02-27,2019,2,1,Feb,0
20190226,2019-02-26,2019,2,1,Feb,0
20190225,2019-02-25,2019,2,1,Feb,0
20190222,2019-02-22,2019,2,1,Feb,0
20190221,2019-02-21,2019,2,1,Feb,0
20190220,2019-02-20,2019,2,1,Feb,0
20190218,2019-02-18,2019,2,1,Feb,0
20190215,2019-02-15,2019,2,1,Feb,0
20190214,2019-02-14,2019,2,1,Feb,0
20190213,2019-02-13,2019,2,1,Feb,0
20190211,2019-02-11,2019,2,1,Feb,0
20190207,2019-02-07,2019,2,1,Feb,0
20190206,2019-02-06,2019,2,1,Feb,0
20190204,2019-02-04,2019,2,1,Feb,0
20190202,2019-02-02,2019,2,1,Feb,0
20190201,2019-02-01,2019,2,1,Feb,0
20190131,2019-01-31,2019,1,1,Ene,0
20190130,2019-01-30,2019,1,1,Ene,0
20190129,2019-01-29,2019,1,1,Ene,0
20190128,2019-01-28,2019,1,1,Ene,0
20190125,2019-01-25,2019,1,1,Ene,0
20190124,2019-01-24,2019,1,1,Ene,0
20190123,2019-01-23,2019,1,1,Ene,0
20190121,2019-01-21,2019,1,1,Ene,0
20190118,2019-01-18,2019,1,1,Ene,0
20190117,2019-01-17,2019,1,1,Ene,0
20190115,2019-01-15,2019,1,1,Ene,0
20190111,2019-01-11,2019,1,1,Ene,0
20190110,2019-01-10,2019,1,1,Ene,0
20190104,2019-01-04,2019,1,1,Ene,0
20181231,2018-12-31,2018,12,4,Dic,0
20181229,2018-12-29,2018,12,4,Dic,0
20181228,2018-12-28,2018,12,4,Dic,0
20181227,2018-12-27,2018,12,4,Dic,0
20181224,2018-12-24,2018,12,4,Dic,0
20181221,2018-12-21,2018,12,4,Dic,0
20181220,2018-12-20,2018,12,4,Dic,0
20181219,2018-12-19,2018,12,4,Dic,0
20181217,2018-12-17,2018,12,4,Dic,0
20181214,2018-12-14,2018,12,4,Dic,0
20181213,2018-12-13,2018,12,4,Dic,0
20181212,2018-12-12,2018,12,4,Dic,0
20181210,2018-12-10,2018,12,4,Dic,0
20181207,2018-12-07,2018,12,4,Dic,0
20181206,2018-12-06,2018,12,4,Dic,0
20181205,2018-12-05,2018,12,4,Dic,0
20181130,2018-11-30,2018,11,4,Nov,0
20181128,2018-11-28,2018,11,4,Nov,0
20181127,2018-11-27,2018,11,4,Nov,0
20181121,2018-11-21,2018,11,4,Nov,0
20181119,2018-11-19,2018,11,4,Nov,0
20181116,2018-11-16,2018,11,4,Nov,0
20181115,2018-11-15,2018,11,4,Nov,0
20181114,2018-11-14,2018,11,4,Nov,0
20181113,2018-11-13,2018,11,4,Nov,0
20181109,2018-11-09,2018,11,4,Nov,0
20181108,2018-11-08,2018,11,4,Nov,0
20181106,2018-11-06,2018,11,4,Nov,0
20181102,2018-11-02,2018,11,4,Nov,0
20181031,2018-10-31,2018,10,4,Oct,0
20181030,2018-10-30,2018,10,4,Oct,0
20181029,2018-10-29,2018,10,4,Oct,0
20181026,2018-10-26,2018,10,4,Oct,0
20181025,2018-10-25,2018,10,4,Oct,0
20181024,2018-10-24,2018,10,4,Oct,0
20181023,2018-10-23,2018,10,4,Oct,0
20181022,2018-10-22,2018,10,4,Oct,0
20181019,2018-10-19,2018,10,4,Oct,0
20181018,2018-10-18,2018,10,4,Oct,0
20181017,2018-10-17,2018,10,4,Oct,0
20181016,2018-10-16,2018,10,4,Oct,0
20181012,2018-10-12,2018,10,4,Oct,0
20181010,2018-10-10,2018,10,4,Oct,0
20181009,2018-10-09,2018,10,4,Oct,0
20181008,2018-10-08,2018,10,4,Oct,0
20181005,2018-10-05,2018,10,4,Oct,0
20181004,2018-10-04,2018,10,4,Oct,0
20181003,2018-10-03,2018,10,4,Oct,0
20181002,2018-10-02,2018,10,4,Oct,0
20181001,2018-10-01,2018,10,4,Oct,0
20180928,2018-09-28,2018,9,3,Sep,0
20180927,2018-09-27,2018,9,3,Sep,0
20180926,2018-09-26,2018,9,3,Sep,0
20180925,2018-09-25,2018,9,3,Sep,0
20180924,2018-09-24,2018,9,3,Sep,0
20180921,2018-09-21,2018,9,3,Sep,0
20180920,2018-09-20,2018,9,3,Sep,0
20180919,2018-09-19,2018,9,3,Sep,0
20180917,2018-09-17,2018,9,3,Sep,0
20180913,2018-09-13,2018,9,3,Sep,0
20180912,2018-09-12,2018,9,3,Sep,0
20180911,2018-09-11,2018,9,3,Sep,0
20180910,2018-09-10,2018,9,3,Sep,0
20180907,2018-09-07,2018,9,3,Sep,0
20180906,2018-09-06,2018,9,3,Sep,0
20180905,2018-09-05,2018,9,3,Sep,0
20180903,2018-09-03,2018,9,3,Sep,0
20180831,2018-08-31,2018,8,3,Ago,0
20180829,2018-08-29,2018,8,3,Ago,0
20180828,2018-08-28,2018,8,3,Ago,0
20180827,2018-08-27,2018,8,3,Ago,0
20180824,2018-08-24,2018,8,3,Ago,0
20180823,2018-08-23,2018,8,3,Ago,0
20180822,2018-08-22,2018,8,3,Ago,0
20180821,2018-08-21,2018,8,3,Ago,0
20180817,2018-08-17,2018,8,3,Ago,0
20180816,2018-08-16,2018,8,3,Ago,0
20180815,2018-08-15,2018,8,3,Ago,0
20180813,2018-08-13,2018,8,3,Ago,0
20180810,2018-08-10,2018,8,3,Ago,0
20180808,2018-08-08,2018,8,3,Ago,0
20180806,2018-08-06,2018,8,3,Ago,0
20180803,2018-08-03,2018,8,3,Ago,0
20180802,2018-08-02,2018,8,3,Ago,0
20180731,2018-07-31,2018,7,3,Jul,0
20180730,2018-07-30,2018,7,3,Jul,0
20180727,2018-07-27,2018,7,3,Jul,0
20180726,2018-07-26,2018,7,3,Jul,0
20180725,2018-07-25,2018,7,3,Jul,0
20180724,2018-07-24,2018,7,3,Jul,0
20180723,2018-07-23,2018,7,3,Jul,0
20180719,2018-07-19,2018,7,3,Jul,0
20180718,2018-07-18,2018,7,3,Jul,0
20180717,2018-07-17,2018,7,3,Jul,0
20180716,2018-07-16,2018,7,3,Jul,0
20180713,2018-07-13,2018,7,3,Jul,0
20180712,2018-07-12,2018,7,3,Jul,0
20180711,2018-07-11,2018,7,3,Jul,0
20180709,2018-07-09,2018,7,3,Jul,0
20180706,2018-07-06,2018,7,3,Jul,0
20180705,2018-07-05,2018,7,3,Jul,0
20180704,2018-07-04,2018,7,3,Jul,0
20180703,2018-07-03,2018,7,3,Jul,0
20180629,2018-06-29,2018,6,2,Jun,0
20180628,2018-06-28,2018,6,2,Jun,0
20180627,2018-06-27,2018,6,2,Jun,0
20180626,2018-06-26,2018,6,2,Jun,0
20180625,2018-06-25,2018,6,2,Jun,0
20180621,2018-06-21,2018,6,2,Jun,0
20180620,2018-06-20,2018,6,2,Jun,0
20180619,2018-06-19,2018,6,2,Jun,0
20180618,2018-06-18,2018,6,2,Jun,0
20180616,2018-06-16,2018,6,2,Jun,0
20180615,2018-06-15,2018,6,2,Jun,0
20180614,2018-06-14,2018,6,2,Jun,0
20180613,2018-06-13,2018,6,2,Jun,0
20180612,2018-06-12,2018,6,2,Jun,0
20180608,2018-06-08,2018,6,2,Jun,0
20180607,2018-06-07,2018,6,2,Jun,0
20180606,2018-06-06,2018,6,2,Jun,0
20180605,2018-06-05,2018,6,2,Jun,0
20180601,2018-06-01,2018,6,2,Jun,0
20180531,2018-05-31,2018,5,2,May,0
20180530,2018-05-30,2018,5,2,May,0
20180528,2018-05-28,2018,5,2,May,0
20180525,2018-05-25,2018,5,2,May,0
20180524,2018-05-24,2018,5,2,May,0
20180523,2018-05-23,2018,5,2,May,0
20180522,2018-05-22,2018,5,2,May,0
20180521,2018-05-21,2018,5,2,May,0
20180518,2018-05-18,2018,5,2,May,0
20180517,2018-05-17,2018,5,2,May,0
20180516,2018-05-16,2018,5,2,May,0
20180511,2018-05-11,2018,5,2,May,0
20180510,2018-05-10,2018,5,2,May,0
20180508,2018-05-08,2018,5,2,May,0
20180507,2018-05-07,2018,5,2,May,0
20180504,2018-05-04,2018,5,2,May,0
20180503,2018-05-03,2018,5,2,May,0
20180502,2018-05-02,2018,5,2,May,0
20180430,2018-04-30,2018,4,2,Abr,0
20180427,2018-04-27,2018,4,2,Abr,0
20180426,2018-04-26,2018,4,2,Abr,0
20180424,2018-04-24,2018,4,2,Abr,0
20180423,2018-04-23,2018,4,2,Abr,0
20180419,2018-04-19,2018,4,2,Abr,0
20180418,2018-04-18,2018,4,2,Abr,0
20180417,2018-04-17,2018,4,2,Abr,0
20180416,2018-04-16,2018,4,2,Abr,0
20180413,2018-04-13,2018,4,2,Abr,0
20180412,2018-04-12,2018,4,2,Abr,0
20180411,2018-04-11,2018,4,2,Abr,0
20180410,2018-04-10,2018,4,2,Abr,0
20180409,2018-04-09,2018,4,2,Abr,0
20180406,2018-04-06,2018,4,2,Abr,0
20180405,2018-04-05,2018,4,2,Abr,0
20180404,2018-04-04,2018,4,2,Abr,0
20180403,2018-04-03,2018,4,2,Abr,0
20180402,2018-04-02,2018,4,2,Abr,0
20180328,2018-03-28,2018,3,1,Mar,0
20180326,2018-03-26,2018,3,1,Mar,0
20180323,2018-03-23,2018,3,1,Mar,0
20180322,2018-03-22,2018,3,1,Mar,0
20180321,2018-03-21,2018,3,1,Mar,0
20180320,2018-03-20,2018,3,1,Mar,0
20180314,2018-03-14,2018,3,1,Mar,0
20180313,2018-03-13,2018,3,1,Mar,0
20180309,2018-03-09,2018,3,1,Mar,0
20180308,2018-03-08,2018,3,1,Mar,0
20180306,2018-03-06,2018,3,1,Mar,0
20180305,2018-03-05,2018,3,1,Mar,0
20180302,2018-03-02,2018,3,1,Mar,0
20180301,2018-03-01,2018,3,1,Mar,0
20180228,2018-02-28,2018,2,1,Feb,0
20180226,2018-02-26,2018,2,1,Feb,0
20180223,2018-02-23,2018,2,1,Feb,0
20180222,2018-02-22,2018,2,1,Feb,0
20180221,2018-02-21,2018,2,1,Feb,0
20180220,2018-02-20,2018,2,1,Feb,0
20180219,2018-02-19,2018,2,1,Feb,0
20180216,2018-02-16,2018,2,1,Feb,0
20180215,2018-02-15,2018,2,1,Feb,0
20180214,2018-02-14,2018,2,1,Feb,0
20180213,2018-02-13,2018,2,1,Feb,0
20180212,2018-02-12,2018,2,1,Feb,0
20180210,2018-02-10,2018,2,1,Feb,0
20180209,2018-02-09,2018,2,1,Feb,0
20180208,2018-02-08,2018,2,1,Feb,0
20180206,2018-02-06,2018,2,1,Feb,0
20180205,2018-02-05,2018,2,1,Feb,0
20180202,2018-02-02,2018,2,1,Feb,0
20180201,2018-02-01,2018,2,1,Feb,0
20180130,2018-01-30,2018,1,1,Ene,0
20180129,2018-01-29,2018,1,1,Ene,0
20180126,2018-01-26,2018,1,1,Ene,0
20180125,2018-01-25,2018,1,1,Ene,0
20180124,2018-01-24,2018,1,1,Ene,0
20180123,2018-01-23,2018,1,1,Ene,0
20180122,2018-01-22,2018,1,1,Ene,0
20180119,2018-01-19,2018,1,1,Ene,0
20180118,2018-01-18,2018,1,1,Ene,0
20180117,2018-01-17,2018,1,1,Ene,0
20180116,2018-01-16,2018,1,1,Ene,0
20180112,2018-01-12,2018,1,1,Ene,0
20180111,2018-01-11,2018,1,1,Ene,0
20180109,2018-01-09,2018,1,1,Ene,0
